epoch,loss,sparse_categorical_accuracy,val_loss,val_sparse_categorical_accuracy
0,2.1007819175720215,0.20652499794960022,1.9587007761001587,0.27480000257492065
1,2.0110690593719482,0.2350499927997589,1.9513773918151855,0.2770000100135803
2,1.989427089691162,0.23919999599456787,1.8962122201919556,0.2694999873638153
3,1.9723607301712036,0.24459999799728394,1.9083260297775269,0.2824999988079071
4,1.9617828130722046,0.24770000576972961,1.921005129814148,0.2800999879837036
