epoch,loss,sparse_categorical_accuracy,val_loss,val_sparse_categorical_accuracy
0,1.5950343608856201,0.42765000462532043,1.3626399040222168,0.5278000235557556
1,1.2981932163238525,0.539775013923645,1.26200270652771,0.5564000010490417
2,1.1870348453521729,0.5805500149726868,1.2045320272445679,0.582099974155426
3,1.117686152458191,0.6063249707221985,1.1644716262817383,0.597599983215332
4,1.0536859035491943,0.632224977016449,1.10369074344635,0.617900013923645
