epoch,loss,sparse_categorical_accuracy,val_loss,val_sparse_categorical_accuracy
0,0.4176461100578308,0.8509374856948853,0.3365689814090729,0.8807500004768372
1,0.2998354732990265,0.8948125243186951,0.3025595247745514,0.8901666402816772
2,0.27287667989730835,0.9036041498184204,0.3071073293685913,0.8994166851043701
3,0.26782435178756714,0.9082291722297668,0.3106292486190796,0.8982499837875366
4,0.2740623354911804,0.9075416922569275,0.33049431443214417,0.9022499918937683
