epoch,loss,sparse_categorical_accuracy,val_loss,val_sparse_categorical_accuracy
0,0.5425828695297241,0.8127291798591614,0.4316707253456116,0.8507500290870667
1,0.4074394404888153,0.8550624847412109,0.3899948298931122,0.862500011920929
2,0.36407235264778137,0.8704166412353516,0.3599933981895447,0.8733333349227905
3,0.3357550799846649,0.8771874904632568,0.34822288155555725,0.875166654586792
4,0.3127829432487488,0.885895848274231,0.3620491325855255,0.871833324432373
