epoch,loss,sparse_categorical_accuracy,val_loss,val_sparse_categorical_accuracy
0,0.5739177465438843,0.8007291555404663,0.48184847831726074,0.8319166898727417
1,0.46030399203300476,0.8396458625793457,0.46489888429641724,0.8398333191871643
2,0.445782870054245,0.8445833325386047,0.4797949492931366,0.8335000276565552
3,0.43758589029312134,0.847041666507721,0.44872742891311646,0.843916654586792
4,0.43202346563339233,0.8497083187103271,0.52951979637146,0.8190000057220459
