epoch,loss,sparse_categorical_accuracy,val_loss,val_sparse_categorical_accuracy
0,0.4520958662033081,0.8370208144187927,0.32363271713256836,0.8827499747276306
1,0.2916020452976227,0.8948333263397217,0.29654768109321594,0.8910833597183228
2,0.24527040123939514,0.9106875061988831,0.249563068151474,0.9089166522026062
3,0.2168811410665512,0.9202916622161865,0.24345071613788605,0.9103333353996277
4,0.19315846264362335,0.929812490940094,0.2349369376897812,0.9143333435058594
