epoch,loss,sparse_categorical_accuracy,val_loss,val_sparse_categorical_accuracy
0,0.11772249639034271,0.9631249904632568,0.05642154812812805,0.9827499985694885
1,0.04631646350026131,0.9860625267028809,0.05228350684046745,0.9860833287239075
2,0.03929346054792404,0.9887708425521851,0.04741894081234932,0.9879999756813049
3,0.03812936320900917,0.9896666407585144,0.06308691203594208,0.9872499704360962
4,0.04400821402668953,0.9898541569709778,0.12382189184427261,0.9817500114440918
