epoch,loss,sparse_categorical_accuracy,val_loss,val_sparse_categorical_accuracy
0,0.4021686315536499,0.8866666555404663,0.29113829135894775,0.9160833358764648
1,0.3039018511772156,0.9148958325386047,0.2918263375759125,0.9183333516120911
2,0.29703813791275024,0.917354166507721,0.2980938255786896,0.9164166450500488
3,0.2949996888637543,0.917145848274231,0.2874016761779785,0.9209166765213013
4,0.29703372716903687,0.9177708625793457,0.29911550879478455,0.9183333516120911
