epoch,loss,sparse_categorical_accuracy,val_loss,val_sparse_categorical_accuracy
0,0.3278656601905823,0.9079375267028809,0.18064166605472565,0.9481666684150696
1,0.15264713764190674,0.956333339214325,0.1353016197681427,0.9610000252723694
2,0.1069074422121048,0.9687708616256714,0.1079835295677185,0.968583345413208
3,0.08122536540031433,0.976270854473114,0.10987595468759537,0.968583345413208
4,0.06411610543727875,0.981166660785675,0.09826850146055222,0.968916654586792
