epoch,loss,sparse_categorical_accuracy,val_loss,val_sparse_categorical_accuracy
0,0.4009120762348175,0.8852916955947876,0.29113683104515076,0.9190833568572998
1,0.30326294898986816,0.9160624742507935,0.2776663899421692,0.9229166507720947
2,0.29448848962783813,0.9176458120346069,0.2831522822380066,0.9231666922569275
3,0.2949647307395935,0.9175416827201843,0.2933260202407837,0.92208331823349
4,0.2963095009326935,0.9171666502952576,0.2942352294921875,0.9194166660308838
