epoch,loss,sparse_categorical_accuracy,val_loss,val_sparse_categorical_accuracy
0,0.13541767001152039,0.9572291374206543,0.05658605322241783,0.9835000038146973
1,0.05029381811618805,0.984375,0.05041490122675896,0.9864166378974915
2,0.041757214814424515,0.9876458048820496,0.054894622415304184,0.9848333597183228
3,0.045529723167419434,0.9884374737739563,0.06606647372245789,0.9861666560173035
4,0.05276335030794144,0.9877708554267883,0.10594378411769867,0.9838333129882812
